Year,Quater,Educational attainment,Both sexes:No. ('000),Both sexes:Percentage share (%),Female:No. ('000),Female:Percentage share (%),Male:No. ('000),Male:Percentage share (%),total_female,total_male
2017,Q1,Primary and below,680.1,3765.330035046404,364.8,0.0962037109445176,314.29999999999995,0.0834760748188544,3791.953516329393,3765.1506815820035
2017,Q1,Secondary,3933.3999999999996,3834.6598720768593,1956.6,0.5170929445672776,1976.8,0.5156483482210198,3783.8458647649013,3833.6203477038853
2017,Q1,     Lower secondary (3),1042.8000000000002,3825.8602881311645,430.29999999999995,0.11391848508241723,612.4000000000001,0.16008012516675937,3777.262308998302,3825.5842151675483
2017,Q1,     Upper secondary (4),2890.6,3832.906934344835,1526.1,0.40303888709017954,1364.5,0.35606703862905525,3786.483262242972,3832.143534694076
2017,Q1,Post-secondary (5),3004.4,3835.6910497478993,1462.5,0.3869272517286598,1542.0,0.40209693407885383,3779.7802906516554,3834.896188732451
2017,Q1,     Post-secondary - non-degree (6),645.4,3830.46275865839,300.9,0.07960479606917763,344.5,0.0899409232249849,3779.9230053741217,3830.292014439769
2017,Q1,          Post-secondary - diploma/certificate (7),225.8,3780.9962842167115,108.4,0.0288625786554831,117.4,0.031050511023584026,3755.7281798661106,3780.936162719844
2017,Q1,          Post-secondary - sub-degree (8),419.5,3828.224746717167,192.4,0.051084870647589015,227.0,0.05929813943229337,3766.2814363821917,3828.1133636442114
2017,Q1,     Post-secondary - degree (9),2359.0,3835.3469355832094,1161.6,0.30675372308058063,1197.5,0.31227801742210676,3786.751105527287,3834.723974122511
2017,Q2,Primary and below,650.0,3806.5211547820595,351.0,0.0928521537406409,298.0,0.07829024186822352,3780.2031063321383,3806.3492063492063
2017,Q2,Secondary,3972.0,3834.572717484613,1975.1,0.5217688191390214,1996.8,0.5208785184749031,3785.392931795239,3833.5234208669126
2017,Q2,     Lower secondary (3),1047.6,3835.061000591191,428.8,0.1132904006464108,618.9,0.16139108860058618,3784.963223303642,3834.7842211515517
2017,Q2,     Upper secondary (4),2924.2,3838.321393507372,1546.4,0.4082535677126923,1377.8,0.359031209084542,3787.841974447303,3837.549397204536
2017,Q2,Post-secondary (5),3001.3,3837.725466845824,1461.3000000000002,0.3858499815292327,1540.0,0.4013622352602824,3787.223195420289,3836.9329864861693
2017,Q2,     Post-secondary - non-degree (6),630.3,3840.7157697637354,292.0,0.0769474132082765,338.29999999999995,0.08808634927643073,3794.799432823459,3840.5496740289914
2017,Q2,          Post-secondary - diploma/certificate (7),203.3,3817.4278076206624,96.1,0.02506991304549841,107.4,0.028134518199494207,3833.280148423006,3817.374772102222
2017,Q2,          Post-secondary - sub-degree (8),427.0,3855.225477619228,196.0,0.05191016707440086,231.1,0.05994637166547788,3775.7535959974985,3855.1123876123875
2017,Q2,     Post-secondary - degree (9),2371.0,3835.9103558449965,1169.3,0.3089326829727958,1201.6,0.3133014456915133,3784.9669667452017,3835.283930298662
2017,Q3,Primary and below,674.8,3851.6907673779115,347.20000000000005,0.09229978793666214,326.3,0.0847199885843858,3761.655446470313,3851.5113782739377
2017,Q3,Secondary,3958.7,3876.046189753966,1975.0,0.5229467062107784,1983.4,0.5118454264291323,3776.6754748503154,3874.9979927282056
2017,Q3,     Lower secondary (3),1053.1,3874.729444274337,438.4,0.11603672263802597,614.8,0.158680557952512,3778.1142903146206,3874.4507073386385
2017,Q3,     Upper secondary (4),2905.3,3879.118039792996,1536.8,0.40703429046554773,1368.7,0.35290794095971817,3775.603274707584,3878.348546869981
2017,Q3,Post-secondary (5),3018.2,3873.585069760204,1453.3000000000002,0.3847833151229541,1564.9,0.40407603674722975,3776.9309189916694,3872.7859553298013
2017,Q3,     Post-secondary - non-degree (6),652.4,3866.3738137942964,296.9,0.07888875647178839,355.4,0.091924876411724,3763.5274439415853,3866.200465782433
2017,Q3,          Post-secondary - diploma/certificate (7),202.0,3881.691723998574,94.8,0.02490543192907442,107.2,0.027617202299124295,3806.398550724638,3881.6386554621854
2017,Q3,          Post-secondary - sub-degree (8),450.4,3889.8296541293535,202.0,0.05382357345382897,248.2,0.06380939009463445,3753.002393519635,3889.7096435477515
2017,Q3,     Post-secondary - degree (9),2366.0,3875.1686100376446,1156.4,0.30589908343631234,1209.6,0.3121916782113834,3780.3316930851825,3874.5427390315826
2017,Q4,Primary and below,664.9,3907.666055758079,351.0,0.09210425107584322,312.5,0.07997458047004588,3810.899018232819,3907.4915824915824
2017,Q4,Secondary,3924.4,3884.823036021277,1958.6,0.5130079151025791,1965.8000000000002,0.5061544010460729,3817.8748170159624,3883.795134325153
2017,Q4,     Lower secondary (3),1058.4,3882.099194578381,436.4,0.11437559882391894,622.0,0.16023404269905614,3815.4991491833593,3881.8217996796748
2017,Q4,     Upper secondary (4),2866.0,3884.993482754065,1522.2,0.3981725449480333,1343.9,0.3459875507712108,3822.9657451612266,3884.2438030051353
2017,Q4,Post-secondary (5),3111.8,3878.8299456153013,1510.1,0.39503503876547785,1601.5,0.4129689087819876,3822.6988793682867,3878.015913409732
2017,Q4,     Post-secondary - non-degree (6),653.0,3871.9507245207114,300.8,0.07905257810579765,352.2,0.09096593320504365,3805.0624939446425,3871.77911104497
2017,Q4,          Post-secondary - diploma/certificate (7),209.3,3877.555695769481,104.1,0.027103436348676447,105.4,0.02718245449724456,3840.8413848631244,3877.501202501203
2017,Q4,          Post-secondary - sub-degree (8),443.6,3869.751725855759,196.8,0.05148592381089325,246.8,0.06377861401967287,3822.4039782765167,3869.6356732348113
2017,Q4,     Post-secondary - degree (9),2458.8,3882.464892347973,1209.4,0.31688973713793,1249.4,0.32185928162317656,3816.469447458295,3881.8206319827714
2018,Q1,Primary and below,653.0,3860.0895729687118,348.6,0.09018652918758248,302.9,0.07847311606867481,3865.3222730739894,3859.920634920635
2018,Q1,Secondary,3971.2,3890.420486821817,2003.8,0.518815756848312,1967.4,0.5058373798378474,3862.257407470872,3889.392279848269
2018,Q1,     Lower secondary (3),1088.6,3892.45837242932,456.8,0.11797005592920437,631.8,0.16232559859557613,3872.169055121349,3892.1772380096954
2018,Q1,     Upper secondary (4),2882.6,3891.1412131008346,1547.1,0.4006797313906493,1335.7,0.3433327768277695,3861.1885723054693,3890.394655416324
2018,Q1,Post-secondary (5),3128.6,3890.962368964634,1509.6999999999998,0.3908202502554261,1618.9,0.41615335564122713,3862.9011649557924,3890.152459555514
2018,Q1,     Post-secondary - non-degree (6),668.7,3904.7760798337004,305.29999999999995,0.07909860900924831,363.4,0.093069645196155,3859.739176504405,3904.6028297850776
2018,Q1,          Post-secondary - diploma/certificate (7),211.5,3882.800892060667,103.2,0.026755769175933034,108.4,0.027918385177050024,3857.112061380354,3882.7460582895364
2018,Q1,          Post-secondary - sub-degree (8),457.2,3884.788225617839,202.3,0.05238713720939272,255.0,0.06564264432966029,3861.634950415438,3884.6698301698307
2018,Q1,     Post-secondary - degree (9),2460.0,3890.2712488458847,1204.3000000000002,0.3117276884695422,1255.5,0.32278097173720754,3863.307766828894,3889.634488807991
2018,Q2,Primary and below,626.5999999999999,3823.48571716753,328.0,0.08451824997182504,297.5,0.07781186738291362,3880.8186410549424,3823.3242563887725
2018,Q2,Secondary,3986.2,3883.777819220791,2020.6,0.5232470272134657,1965.9,0.5063169774304063,3861.655957723519,3882.745567760889
2018,Q2,     Lower secondary (3),1071.1999999999998,3888.293470812159,452.4,0.11703674412247415,618.8,0.15915570933935472,3865.4527122403706,3888.0163493260757
2018,Q2,     Upper secondary (4),2915.2,3880.9000128152074,1568.1,0.40616689697265296,1347.0,0.3471519819595351,3860.728217114108,3880.1449221079474
2018,Q2,Post-secondary (5),3129.0,3881.1733173545704,1512.5,0.3919352919274116,1616.6,0.41661056181704903,3859.0553878473456,3880.362497170477
2018,Q2,     Post-secondary - non-degree (6),663.4,3889.140093387985,300.6,0.07773899017238549,362.9,0.09331523184849519,3866.785500215816,3888.968529695103
2018,Q2,          Post-secondary - diploma/certificate (7),201.8,3885.4736773934383,91.8,0.023762502623140374,110.0,0.028310957166872572,3863.2294525494726,3885.421441303794
2018,Q2,          Post-secondary - sub-degree (8),461.6,3896.4851587740413,208.7,0.053983345859288184,253.0,0.06493230246910578,3866.007130124777,3896.365759097718
2018,Q2,     Post-secondary - degree (9),2465.6,3884.349431766271,1211.8,0.31403732117212196,1253.8,0.322835599812639,3858.7770252180303,3883.7104728464146
2018,Q3,Primary and below,630.0,3916.1381731368047,324.4,0.08435129253542707,305.5,0.07801378967149676,3845.8213294568523,3915.9743589743593
2018,Q3,Secondary,3970.3999999999996,3909.8199697727287,2008.1,0.521144986381273,1962.4,0.5020480041005821,3853.2463181577286,3908.789565881524
2018,Q3,     Lower secondary (3),1063.3,3911.0243363124428,454.2,0.11812669309547408,609.2,0.1557758340879459,3845.0242540261397,3910.7477970945465
2018,Q3,     Upper secondary (4),2907.2,3910.571556359018,1554.0,0.403061532167776,1353.2,0.34610310963522084,3855.490727785804,3909.8175148620307
2018,Q3,Post-secondary (5),3163.6,3909.7000491996355,1522.0,0.3948603021962468,1641.5,0.4199413371337893,3854.5277697821375,3908.8793001509966
2018,Q3,     Post-secondary - non-degree (6),696.9,3909.0888125414717,318.4,0.08288411764800631,378.9,0.09693245740672982,3841.507987720718,3908.9073994083406
2018,Q3,          Post-secondary - diploma/certificate (7),234.4,3926.3739821631343,115.8,0.02992001336984215,118.7,0.03023192173992328,3870.31912615121,3926.3134186818397
2018,Q3,          Post-secondary - sub-degree (8),462.6,3929.3872239281936,202.6,0.05296977857329763,259.9,0.06614466459352944,3824.822482873882,3929.266277138618
2018,Q3,     Post-secondary - degree (9),2466.4,3910.386082411467,1203.6999999999998,0.3119860929974319,1262.9,0.3230132432530813,3858.1847941853866,3909.7468180600767
2018,Q4,Primary and below,646.2,3849.2643744150846,340.70000000000005,0.08779763319265872,305.6,0.07939522763528244,3880.514629049112,3849.0978501105083
2018,Q4,Secondary,3922.2,3887.984829223257,1978.8000000000002,0.5098173208223872,1943.4,0.49997757702897405,3881.390292522809,3886.974315024889
2018,Q4,     Lower secondary (3),1058.1999999999998,3888.401063302085,454.1,0.11702418824041973,604.1,0.15537038498027717,3880.39435972909,3888.1283590607372
2018,Q4,     Upper secondary (4),2864.0,3882.986999505838,1524.7,0.39306198800099823,1339.2,0.3449547191599134,3879.0319251021747,3882.248670960134
2018,Q4,Post-secondary (5),3200.3,3888.6008250543896,1562.8,0.4027696824480049,1637.4,0.4211662363716433,3880.1331582392577,3887.7760337728832
2018,Q4,     Post-secondary - non-degree (6),741.6,3894.227729042758,352.2,0.0910687342337811,389.4,0.09999907620960923,3867.408534479824,3894.0359727301293
2018,Q4,          Post-secondary - diploma/certificate (7),261.2,3854.5294523562625,134.8,0.034679464442155736,126.4,0.03279316066817585,3887.0265780730897,3854.4622544622544
2018,Q4,          Post-secondary - sub-degree (8),480.4,3887.5591474044522,217.4,0.05591296953530649,263.0,0.06765385397791662,3888.1855463377206,3887.4355936300053
2018,Q4,     Post-secondary - degree (9),2458.6,3886.5299777655887,1210.6999999999998,0.312074603517042,1248.0,0.32116143175288336,3879.5210707810284,3885.89623974609
2019,Q1,Primary and below,667.0,3855.565727595527,362.9,0.0927825623916255,303.0,0.07859116500582454,3911.295297797845,3855.3951958536827
2019,Q1,Secondary,3891.3999999999996,3851.497343769088,1965.7999999999997,0.504164154753888,1925.6,0.5000909848932147,3899.1268646610188,3850.4993254600995
2019,Q1,     Lower secondary (3),1039.6,3848.1108862025117,448.4,0.11507696759652347,591.3,0.15367046768531148,3896.5225567305124,3847.844084205381
2019,Q1,     Upper secondary (4),2851.8,3855.634354462361,1517.4,0.38916612312650584,1334.3,0.3461306329140362,3899.106088190365,3854.9029560506488
2019,Q1,Post-secondary (5),3192.0,3852.409418654192,1569.8,0.40297169109724035,1622.2,0.4211767062090116,3895.5590049654243,3851.590024057439
2019,Q1,     Post-secondary - non-degree (6),764.2,3836.510208952423,365.0,0.09394928047924256,399.2,0.10405823174316081,3885.0749908685484,3836.3135074725815
2019,Q1,          Post-secondary - diploma/certificate (7),270.1,3850.5381624373967,135.3,0.0348906955131157,134.9,0.0350346976348959,3877.824675324676,3850.4685099846392
2019,Q1,          Post-secondary - sub-degree (8),494.3,3839.6673607830435,229.70000000000002,0.05906749951907107,264.5,0.06888845608936398,3888.77135260884,3839.5402512270475
2019,Q1,     Post-secondary - degree (9),2427.8,3855.753167716068,1204.8,0.30901959203583884,1223.0,0.31723958827343357,3898.781925322949,3855.1304604073493
2019,Q2,Primary and below,656.2,3849.2446051085735,356.20000000000005,0.09102154781167371,298.6,0.07757704144849915,3913.3590733590736,3849.076923076923
2019,Q2,Secondary,3877.1,3841.8065350213233,1981.0,0.5060411440846713,1896.0,0.49364508239542043,3914.7014489962844,3840.8161402107576
2019,Q2,     Lower secondary (3),1050.9,3852.0015341839203,465.5,0.11868060629944276,585.5,0.15200947422094807,3922.2920619860843,3851.733604110537
2019,Q2,     Upper secondary (4),2826.2,3843.000671164411,1515.6,0.3868592059279357,1310.6,0.3410996194513583,3917.7043657643408,3842.279279314455
2019,Q2,Post-secondary (5),3226.1,3844.958839139473,1580.2,0.40306887156478793,1645.8,0.42813262184414,3920.421822368399,3844.1359429955955
2019,Q2,     Post-secondary - non-degree (6),783.2,3834.6643227666113,380.0,0.09682893469318019,403.3,0.10517765215070773,3924.4467700083455,3834.464753235949
2019,Q2,          Post-secondary - diploma/certificate (7),290.6,3822.738037613291,152.5,0.03883910252167583,138.0,0.036100478365643986,3926.455301455301,3822.664026838256
2019,Q2,          Post-secondary - sub-degree (8),492.70000000000005,3851.395470635143,227.4,0.05823120090537542,265.3,0.06888637982055816,3905.122966114345,3851.269303033181
2019,Q2,     Post-secondary - degree (9),2443.0,3843.471279953543,1200.4,0.3060781515820139,1242.6,0.3233538985836779,3921.874180811471,3842.848363488769
2019,Q3,Primary and below,634.2,3822.9060315016436,356.0,0.09072452972782541,278.3,0.07280110051865142,3923.96633047318,3822.744409319752
2019,Q3,Secondary,3817.3,3830.4634822485964,1932.6,0.49414664328565433,1884.8,0.4921807503602625,3910.984778020257,3829.487436516725
2019,Q3,     Lower secondary (3),1057.2,3822.5085183670367,457.7,0.11713786298255781,599.3,0.15679295938649845,3907.361704798669,3822.23795216921
2019,Q3,     Upper secondary (4),2760.1,3827.234727397756,1474.8,0.3768749982419423,1285.3000000000002,0.3358918394960539,3913.23384910034,3826.5294028231374
2019,Q3,Post-secondary (5),3287.0,3829.542149924164,1622.0,0.41485983404706817,1664.9,0.4348471745620275,3909.754251639543,3828.7014321223683
2019,Q3,     Post-secondary - non-degree (6),773.6,3836.84620907587,373.5,0.09571497804205908,400.0,0.10425767594856569,3902.210580206962,3836.647962470747
2019,Q3,          Post-secondary - diploma/certificate (7),279.1,3831.871307425508,151.70000000000002,0.038891469640861584,127.30000000000001,0.033221986576191416,3900.598290598291,3831.7997542997546
2019,Q3,          Post-secondary - sub-degree (8),494.6,3831.185146491761,221.8,0.05706452687381756,272.6,0.07115528070470552,3886.8279849309793,3831.057896198741
2019,Q3,     Post-secondary - degree (9),2513.5,3832.502799383465,1248.6,0.31899478844521184,1264.9,0.3301007309599863,3914.170529511488,3831.8606454504547
2019,Q4,Primary and below,651.0,3804.7584885195015,353.8,0.09125855238737977,296.0,0.07780075004076309,3876.896912611199,3804.5905707196025
2019,Q4,Secondary,3777.3,3823.4678112218476,1925.8,0.49718612525603634,1851.7,0.48442212544303787,3873.398516517872,3822.4926210925873
2019,Q4,     Lower secondary (3),1011.6,3817.8244887911746,443.0,0.11423362181007689,568.6,0.14894316232370852,3878.017635968202,3817.563633866066
2019,Q4,     Upper secondary (4),2765.6,3819.884655743946,1482.6,0.38296541378460464,1282.9,0.3359106572800011,3871.367874577506,3819.170282920283
2019,Q4,Post-secondary (5),3267.2999999999997,3822.996365874317,1594.2,0.411690890162065,1673.1,0.43773762360513446,3872.322750140116,3822.1526087262637
2019,Q4,     Post-secondary - non-degree (6),760.8,3830.9094795226115,365.6,0.09423248976516012,395.2,0.10316616260697771,3879.765895086968,3830.7133852167763
2019,Q4,          Post-secondary - diploma/certificate (7),280.70000000000005,3818.746092597356,147.6,0.03811492767347548,133.1,0.03485503441632597,3872.498493620812,3818.67360709466
2019,Q4,          Post-secondary - sub-degree (8),480.0,3806.75272706427,218.0,0.05612947152762578,262.0,0.06882729848816099,3883.8776504907028,3806.629139237053
2019,Q4,     Post-secondary - degree (9),2506.4,3825.6506282396986,1228.6,0.31695233091956987,1277.8,0.33406500741733797,3876.292679203456,3825.004031037829
2020,Q1,Primary and below,612.3,3661.3320635229247,345.5,0.09060188095986586,265.1,0.07240851737617313,3813.3866133866136,3661.1714975845407
2020,Q1,Secondary,3634.0,3699.402432133065,1847.8000000000002,0.4850052441978218,1786.0,0.4829051848158958,3809.855712088605,3698.44859023599
2020,Q1,     Lower secondary (3),976.2,3701.2954194692124,422.0,0.11105458500088332,554.1,0.14971473465453808,3799.933158965417,3701.0385202135776
2020,Q1,     Upper secondary (4),2657.7,3701.5400765284407,1425.8,0.3742197482411456,1232.0,0.332897168813983,3810.060817745034,3700.8425286080446
2020,Q1,Post-secondary (5),3263.4,3701.138682451501,1616.0,0.42395852812087037,1647.3000000000002,0.44518222263263896,3811.693580413788,3700.2825275872256
2020,Q1,     Post-secondary - non-degree (6),746.6,3703.343481390154,368.7,0.09707682237308016,378.0,0.10207534555150237,3798.022957354671,3703.146905432509
2020,Q1,          Post-secondary - diploma/certificate (7),284.1,3688.288926509088,152.4,0.04009462882957815,131.7,0.03570833836081908,3801.0078768349445,3688.2141831754234
2020,Q1,          Post-secondary - sub-degree (8),462.6,3682.4751210222316,216.4,0.05699950795925043,246.2,0.06685941890036913,3796.524000780967,3682.3532727210213
2020,Q1,     Post-secondary - degree (9),2516.8,3700.1216450541174,1247.5,0.3274545491004786,1269.3000000000002,0.3431040346953452,3809.689019214718,3699.4610137040763
2020,Q2,Primary and below,617.0999999999999,3588.784994525229,350.0,0.09419545533307275,267.0,0.07440188171627464,3715.67820084747,3588.618914480983
2020,Q2,Secondary,3512.2,3591.0009388925932,1796.2,0.4811708998831969,1715.9,0.4779585748285786,3732.977202977203,3590.0600812851053
2020,Q2,     Lower secondary (3),955.0,3594.8352058157825,412.1,0.11035998761895148,543.0,0.15106078649424273,3734.1432242896744,3594.579457725086
2020,Q2,     Upper secondary (4),2557.2,3589.883522374593,1384.2,0.37084841509052807,1173.0,0.3268139195014271,3732.5223559661217,3589.1984092644434
2020,Q2,Post-secondary (5),3194.6,3593.4814559382844,1585.8,0.4250050909791813,1608.8,0.44780623468833985,3731.2494218514657,3592.625281601267
2020,Q2,     Post-secondary - non-degree (6),774.6,3580.2382492996226,381.1,0.10218009212148849,393.4,0.10988732998746086,3729.6893366164295,3580.030564441692
2020,Q2,          Post-secondary - diploma/certificate (7),289.70000000000005,3599.728509917097,155.2,0.04185781811060379,134.4,0.03733695940423015,3707.7900140400143,3599.650377121307
2020,Q2,          Post-secondary - sub-degree (8),485.0,3589.5806241395107,226.0,0.06074188909554853,259.0,0.0721558958748236,3720.661365083596,3589.450270970434
2020,Q2,     Post-secondary - degree (9),2420.1,3593.045738163197,1204.6,0.3228099998235902,1215.5,0.33835345405502143,3731.60682958487,3592.39719716986
2020,Q3,Primary and below,610.5,3635.8921927520705,345.0,0.09294794988116681,264.2,0.072667708004837,3711.754809450662,3635.7277152929328
2020,Q3,Secondary,3494.3,3596.103908424033,1790.0,0.48313820751938397,1704.2,0.474026090130481,3704.9439935428486,3595.16076326284
2020,Q3,     Lower secondary (3),925.2,3602.4766681799065,395.0,0.10690441732319061,530.2,0.14718675633209533,3694.889415147799,3602.226268263685
2020,Q3,     Upper secondary (4),2569.0,3597.9995309950577,1395.0,0.37698049746012857,1174.0,0.3263553978845886,3700.4566798513033,3597.3052923585165
2020,Q3,Post-secondary (5),3194.0,3597.8740207315063,1567.9,0.4230510993637265,1626.1,0.45206963524348887,3706.1716713610695,3597.01221499685
2020,Q3,     Post-secondary - non-degree (6),762.7,3596.895751572953,378.3,0.10222261691006013,384.5,0.10690385786894399,3700.746580698914,3596.689658023079
2020,Q3,          Post-secondary - diploma/certificate (7),291.4,3589.1576078342227,159.6,0.0430442057861531,131.8,0.03672251275943868,3707.8161179905364,3589.0790170975934
2020,Q3,          Post-secondary - sub-degree (8),471.3,3597.814154690836,218.7,0.05920555800752938,252.6,0.0702117861977271,3693.9099530518256,3597.686566307256
2020,Q3,     Post-secondary - degree (9),2431.4,3599.6004094761297,1189.6999999999998,0.3209689671143342,1241.8,0.34504561541594053,3706.588866506244,3598.944442470463
2020,Q4,Primary and below,605.2,3685.44138588182,342.0,0.09238119094451812,262.1,0.0711208235776665,3702.052295530557,3685.2779089907103
2020,Q4,Secondary,3531.9,3612.8059912889703,1801.6,0.48669903513805063,1730.3000000000002,0.4790617305377017,3701.671607976338,3611.851854786859
2020,Q4,     Lower secondary (3),918.5,3603.62117138287,395.8,0.10726978281042254,522.6,0.14503081149704775,3689.762294937203,3603.3722393578287
2020,Q4,     Upper secondary (4),2613.4,3615.905510543869,1405.7,0.3798019826764184,1207.8000000000002,0.33408945542264534,3701.139183356029,3615.1994036209644
2020,Q4,Post-secondary (5),3176.8,3610.2843587589355,1559.2,0.42097645619157426,1617.6,0.4481598220925358,3703.7700732851745,3609.4266381291063
2020,Q4,     Post-secondary - non-degree (6),754.8,3605.8532416221415,372.2,0.10064740564010353,382.6,0.1061112675486285,3698.0585603062455,3605.649134524406
2020,Q4,          Post-secondary - diploma/certificate (7),305.5,3605.179855771989,162.29999999999998,0.04380409242345534,143.4,0.03977701126651476,3705.133265427383,3605.097402597403
2020,Q4,          Post-secondary - sub-degree (8),449.4,3607.4223525484085,210.0,0.056903376528164185,239.4,0.06636541500651809,3690.466415399111,3607.3005793226384
2020,Q4,     Post-secondary - degree (9),2421.8,3610.713522712154,1187.0,0.3208600983583979,1234.8,0.342044282515613,3699.4316403722205,3610.058881611729
2021,Q1,Primary and below,575.0,3610.8855671143465,333.4,0.09029029780705318,240.60000000000002,0.06663472764846969,3692.5340606635573,3610.7298474945533
2021,Q1,Secondary,3500.3,3560.2907066089533,1784.6,0.4829090493535162,1715.6999999999998,0.48202708848818526,3695.519896322286,3559.343532706985
2021,Q1,     Lower secondary (3),933.2,3558.6815234703167,399.1,0.10798675174623198,534.2,0.15012242668314124,3695.8237334324294,3558.429022250749
2021,Q1,     Upper secondary (4),2567.0,3559.694766702789,1385.6,0.3750476817307569,1181.4,0.33194718146767893,3694.463577553077,3558.9999432335317
2021,Q1,Post-secondary (5),3178.5,3564.970596405308,1574.8,0.42635055721125337,1603.8,0.44998610256267185,3693.6740749225733,3564.1100711029862
2021,Q1,     Post-secondary - non-degree (6),784.5,3549.6174765706437,380.3,0.10288286128372323,404.4,0.11393458116714243,3696.4368530851316,3549.405245162079
2021,Q1,          Post-secondary - diploma/certificate (7),312.29999999999995,3545.0995990142687,164.4,0.04465774555541183,147.8,0.04169235102611615,3681.3322740623044,3545.014765596161
2021,Q1,          Post-secondary - sub-degree (8),472.4,3573.4641959953638,215.9,0.05820243050578731,256.5,0.07178164585161195,3709.467081078894,3573.3368461659475
2021,Q1,     Post-secondary - degree (9),2394.0,3559.9967229728154,1194.5,0.3230621361269139,1199.4,0.33697170942402377,3697.431132971722,3559.349246410331
2021,Q2,Primary and below,566.8,3562.496382673652,327.1,0.0871229207579267,238.6,0.06697834492500329,3754.465497189378,3562.345415778251
2021,Q2,Secondary,3601.4,3594.467828678648,1836.0,0.48978937866199385,1765.3,0.49124711842748786,3748.550050259528,3593.5070838701986
2021,Q2,     Lower secondary (3),961.2,3589.5990317107444,412.8,0.10989425939959267,548.4,0.15278561507425256,3756.33815865663,3589.3431442055726
2021,Q2,     Upper secondary (4),2640.2,3591.5421566848763,1423.2,0.3790845055338801,1217.0,0.3389180161185229,3754.308021626074,3590.838911243961
2021,Q2,Post-secondary (5),3172.8,3593.7162560741695,1585.8,0.4230048077062858,1587.0,0.4417081699380953,3748.8935612786304,3592.869926364313
2021,Q2,     Post-secondary - non-degree (6),748.5,3597.095707726738,360.2,0.09587638728337294,388.2,0.10792637559977859,3756.9208666091085,3596.8964754227914
2021,Q2,          Post-secondary - diploma/certificate (7),278.4,3621.1775793062993,152.2,0.040905069759996276,126.2,0.03485126174886837,3720.8101805719507,3621.102756892231
2021,Q2,          Post-secondary - sub-degree (8),470.0,3584.3255871673623,208.1,0.05539817570138693,262.0,0.0730985898485046,3756.441387559809,3584.200468750353
2021,Q2,     Post-secondary - degree (9),2424.4,3592.0970846219716,1225.5,0.32699901807638065,1198.8,0.33379274067643555,3747.717675756894,3591.4501842389245
2021,Q3,Primary and below,580.3,3662.680942615732,337.79999999999995,0.08981426382892521,241.2,0.06585617604680609,3761.0952380952376,3662.5266524520257
2021,Q3,Secondary,3632.2,3636.763595349478,1857.8000000000002,0.4953398726124046,1774.3000000000002,0.48800879193494257,3750.5561387619173,3635.7951523064685
2021,Q3,     Lower secondary (3),957.9,3637.195923465827,416.2,0.11117607570723236,541.6,0.14891639480481988,3743.611180304729,3636.940047533775
2021,Q3,     Upper secondary (4),2674.4,3635.489938606689,1441.7,0.3842329116832683,1232.6,0.33911294721497315,3752.151250355215,3634.777174162626
2021,Q3,Post-secondary (5),3173.8,3639.488290217779,1554.0,0.4142464080262221,1619.8,0.4451660497202394,3751.3904040940547,3638.642257238504
2021,Q3,     Post-secondary - non-degree (6),752.2,3636.140903513969,352.8,0.09393651873291084,399.29999999999995,0.10982027525430443,3755.7278549263065,3635.9406227617274
2021,Q3,          Post-secondary - diploma/certificate (7),279.3,3652.2380215341855,144.2,0.038402987398356896,135.2,0.03701915175827375,3754.9162127467644,3652.1636390488848
2021,Q3,          Post-secondary - sub-degree (8),472.8,3629.563725399821,208.8,0.05591958709538179,264.2,0.07279365711831186,3733.9331501831507,3629.437102886513
2021,Q3,     Post-secondary - degree (9),2421.6,3635.043996152193,1201.2,0.32032692133746593,1220.5,0.33581900644381557,3749.9189733557555,3634.398222198887
2021,Q4,Primary and below,590.5,3670.705871583496,328.4,0.08763738851723608,259.4,0.07067064087542224,3747.2590814982113,3670.548289738431
2021,Q4,Secondary,3630.8,3663.2379035995227,1861.8000000000002,0.49676173241492044,1769.0,0.483033860147229,3747.8732328055635,3662.269140844097
2021,Q4,     Lower secondary (3),967.0,3663.7479675850163,417.0,0.11121149622188942,549.9,0.15010276781251805,3749.612352737353,3663.4900742592454
2021,Q4,     Upper secondary (4),2663.9,3661.7724110691993,1444.6999999999998,0.3853683421303589,1219.0,0.33296351114666073,3748.880855167132,3661.0618256697385
2021,Q4,Post-secondary (5),3190.0,3661.787326894509,1557.2,0.41497614265437577,1632.8,0.4460060083746311,3752.504879050256,3660.937228066441
2021,Q4,     Post-secondary - non-degree (6),753.8,3659.7541331488214,357.5,0.09538724017829325,396.3,0.10829191415833404,3747.880736792239,3659.553006151209
2021,Q4,          Post-secondary - diploma/certificate (7),272.8,3650.8490896988283,140.2,0.0371964653685686,132.5,0.03629364664337653,3769.1753399362096,3650.7767131242736
2021,Q4,          Post-secondary - sub-degree (8),481.1,3667.276008401577,217.4,0.0577771030427656,263.8,0.07193600837994404,3762.736249325002,3667.1481493202805
2021,Q4,     Post-secondary - degree (9),2436.2,3662.246256491867,1199.6,0.3200135712097726,1236.6,0.3377215505934224,3748.591022140271,3661.59635897421
2022,Q1,Primary and below,560.4000000000001,3600.5361990874358,324.6,0.08904701084228846,234.7,0.06518751889652467,3645.265539288011,3600.382465431009
2022,Q1,Secondary,3475.4,3544.8022577919373,1760.6,0.48001964995592344,1714.8,0.4838798829036161,3667.7665178116404,3543.8547056554744
2022,Q1,     Lower secondary (3),944.7,3547.056393015936,409.8,0.11169139293382672,535.0,0.15084024015932823,3669.038313836701,3546.7989141020644
2022,Q1,     Upper secondary (4),2530.7,3544.315538686655,1350.8,0.36878085902578156,1179.9,0.3329641600856025,3662.879910764472,3543.62463424489
2022,Q1,Post-secondary (5),3173.1,3544.15679146207,1579.3000000000002,0.4307794889944887,1593.9,0.4498360070415896,3666.1448382474064,3543.291277375748
2022,Q1,     Post-secondary - non-degree (6),782.6,3541.3990172264625,372.6,0.10177806356426218,409.9,0.1157522048791002,3660.906750939923,3541.185245051086
2022,Q1,          Post-secondary - diploma/certificate (7),301.1,3530.303725150444,153.7,0.041917950229002576,147.4,0.04175375270778771,3666.686924344326,3530.2216074223115
2022,Q1,          Post-secondary - sub-degree (8),481.5,3548.225473900682,218.9,0.05982382139777679,262.6,0.07401157033408037,3659.0775193798454,3548.0938833570412
2022,Q1,     Post-secondary - degree (9),2390.6,3543.4246449244442,1206.6,0.3289910815761462,1184.0,0.3342015021931244,3667.5766231089397,3542.7728248684057
2022,Q2,Primary and below,549.5,3590.8465063140757,310.8,0.08620048467201709,237.60000000000002,0.06617105028455111,3605.5481727574756,3590.6941023040135
2022,Q2,Secondary,3481.8,3554.7433206811656,1746.8,0.4858807864446712,1734.9,0.48818512074005616,3595.1205495937297,3553.7748413347936
2022,Q2,     Lower secondary (3),947.5,3552.327359684511,401.2,0.11171413790790835,546.3,0.15379792496538872,3591.3090993973346,3552.063528314452
2022,Q2,     Upper secondary (4),2534.3999999999996,3550.923742328394,1345.8,0.37435883623023647,1188.6,0.3347962711013853,3594.946531921347,3550.218752705462
2022,Q2,Post-secondary (5),3116.9,3553.459298145812,1536.8,0.42795400541072953,1580.1,0.44477392758712614,3591.040113119291,3552.5913323470977
2022,Q2,     Post-secondary - non-degree (6),756.1,3553.6596211810133,361.9,0.10105865736331081,394.2,0.11093449131057856,3581.088542458582,3553.448484262438
2022,Q2,          Post-secondary - diploma/certificate (7),287.6,3554.2977771878227,151.3,0.04201201768367055,136.3,0.03834880222168686,3601.350478789503,3554.2179182566542
2022,Q2,          Post-secondary - sub-degree (8),468.4,3556.893986815989,210.6,0.05890504417542165,257.9,0.07250975165467426,3575.2455998984483,3556.7629748373956
2022,Q2,     Post-secondary - degree (9),2360.7,3552.423429648483,1174.9,0.32688536118236344,1185.8,0.33386202551275374,3594.2264154941604,3551.7666262846706
2022,Q3,Primary and below,554.0,3618.1794570254783,316.9,0.08617743431521775,235.8,0.06517361050643965,3677.296760087458,3618.0288028802884
2022,Q3,Secondary,3489.7,3615.2596861361667,1754.3000000000002,0.4760748457884735,1735.4,0.4801466172500674,3684.9247876025347,3614.312665450225
2022,Q3,     Lower secondary (3),973.8,3613.4729637260803,414.5,0.11299327327827187,559.2,0.15476553707576168,3668.359964926395,3613.2075044992566
2022,Q3,     Upper secondary (4),2516.0,3618.7134364000103,1339.8000000000002,0.3639314970199556,1176.3,0.32512168113864637,3681.462063522725,3618.0300122721537
2022,Q3,Post-secondary (5),3255.8,3619.8158481998043,1612.4,0.43788014475472836,1643.4,0.45411191760658465,3682.286167378428,3618.9316692272837
2022,Q3,     Post-secondary - non-degree (6),799.1,3617.23934422566,378.6,0.10267440114468189,420.6,0.11628348582548606,3687.3845455061605,3617.0226323557317
2022,Q3,          Post-secondary - diploma/certificate (7),314.0,3610.7515808784624,163.0,0.04419586054579771,151.1,0.04184823006833501,3688.1282090003015,3610.6664428403556
2022,Q3,          Post-secondary - sub-degree (8),485.2,3596.0227805046966,215.6,0.059003959094839756,269.6,0.07497448487930593,3653.99209319931,3595.889994229405
2022,Q3,     Post-secondary - degree (9),2456.5,3619.1493266785096,1233.7,0.33511341755268537,1222.8,0.33793175688241917,3681.440179297035,3618.4820606412086
2022,Q4,Primary and below,558.4,3607.783743324675,313.5,0.08356308458110874,243.7,0.0675511814782401,3751.656626506024,3607.6349024110223
2022,Q4,Secondary,3600.2,3676.3983220994746,1828.6999999999998,0.4857905730807699,1771.6,0.4820100632354937,3764.379346438967,3675.441936021274
2022,Q4,     Lower secondary (3),936.2,3678.211958747431,412.8,0.10983145244159635,523.5,0.1423342264811567,3758.486215226092,3677.962869101656
2022,Q4,     Upper secondary (4),2664.1,3672.063650674011,1416.1,0.375975750740796,1248.1,0.3399561055534677,3766.466313877469,3671.356329865065
2022,Q4,Post-secondary (5),3281.5,3678.0302633899523,1622.4,0.43091091142488247,1658.8,0.4511091682554853,3765.047384470377,3677.1586940138177
2022,Q4,     Post-secondary - non-degree (6),792.3,3667.297954881548,378.2,0.1004340703615293,414.0,0.11289613187395299,3765.6544102873213,3667.087553205325
2022,Q4,          Post-secondary - diploma/certificate (7),292.4,3658.299709094771,154.5,0.041109986733042024,138.0,0.0377232446640977,3758.2108941869615,3658.2219061166434
2022,Q4,          Post-secondary - sub-degree (8),499.9,3673.3525559936866,223.6,0.05928243434319113,276.1,0.0751656580813603,3771.774935987957,3673.220018923346
2022,Q4,     Post-secondary - degree (9),2489.1,3676.9660494407767,1244.4,0.3305904649151248,1244.8,0.3386008700334651,3764.173901142264,3676.3047888121846
2023,Q1,Primary and below,544.7,3706.8423303571435,314.29999999999995,0.0841875,229.4,0.06188799229194266,3733.333333333333,3706.6964285714294
2023,Q1,Secondary,3563.2,3652.8012732525167,1803.0,0.48321720167973736,1760.2,0.4820027599164917,3731.241341848954,3651.8463095625416
2023,Q1,     Lower secondary (3),933.8,3650.3537356923107,412.6,0.1106329071895284,521.2,0.14279047741366893,3729.450942594893,3650.103350310019
2023,Q1,     Upper secondary (4),2629.6,3656.222836897442,1390.4,0.37222533099345334,1239.1,0.338966928103534,3735.3717875381626,3655.518864133935
2023,Q1,Post-secondary (5),3276.8,3651.543208535478,1616.0,0.43284688960573425,1660.8,0.45493074979277265,3733.4217683115626,3650.665515040515
2023,Q1,     Post-secondary - non-degree (6),755.2,3651.845837470244,363.4,0.09709096898806029,391.8,0.10729413730526134,3742.8815860792256,3651.644067795561
2023,Q1,          Post-secondary - diploma/certificate (7),273.6,3604.854417232545,150.8,0.04023807453873058,122.80000000000001,0.034065865846814244,3747.694235588973,3604.781412343992
2023,Q1,          Post-secondary - sub-degree (8),481.6,3643.5929026910358,212.5,0.05681866801536555,269.0,0.07383083524047773,3739.9679968304313,3643.4641315356653
2023,Q1,     Post-secondary - degree (9),2521.7,3648.003468261016,1252.6,0.33576718241550413,1269.0,0.34792598037428146,3730.561131641318,3647.3275109690658
2023,Q2,Primary and below,532.3,3697.314907749481,310.4,0.0830003173897166,220.8,0.05972131289793201,3739.7447354635933,3697.172571831483
2023,Q2,Secondary,3560.3,3648.442635929795,1803.6,0.48212714452400024,1756.6999999999998,0.4816187453721374,3740.9219134107825,3647.4909186573127
2023,Q2,     Lower secondary (3),972.4,3647.8392734372983,433.4,0.11610504711067285,539.2,0.14782408645282683,3732.8265289525048,3647.578773788451
2023,Q2,     Upper secondary (4),2587.9,3646.555772640981,1370.2,0.36612727232255476,1217.6,0.33396745209558537,3742.414465079418,3645.86426719065
2023,Q2,Post-secondary (5),3295.9,3646.5629584531202,1626.2,0.4348028657088107,1669.8,0.45802133245373894,3740.0857451778456,3645.6817219723125
2023,Q2,     Post-secondary - non-degree (6),745.0,3638.798947374566,360.0,0.09606401226028374,385.0,0.10580992258421919,3747.5011872769414,3638.600148238083
2023,Q2,          Post-secondary - diploma/certificate (7),245.8,3650.6307187490333,133.3,0.03581174676296984,112.6,0.030844543178639248,3722.2423380318114,3650.56468328501
2023,Q2,          Post-secondary - sub-degree (8),499.2,3629.6760013914577,226.9,0.06097974506102694,272.29999999999995,0.07502324314208476,3720.907651760833,3629.5418405772907
2023,Q2,     Post-secondary - degree (9),2551.0,3649.4926491489127,1266.1,0.3387443731354376,1284.6999999999998,0.35208738028622627,3737.626660129893,3648.8101304727666
2023,Q3,Primary and below,515.1,3745.3539944520517,294.4,0.07807409567831967,219.8,0.0586881820292547,3770.776945185311,3745.217391304348
2023,Q3,Secondary,3601.5,3685.983206014563,1840.6,0.48911163645057903,1760.9,0.4778527811411752,3763.149070336989,3685.026161812305
2023,Q3,     Lower secondary (3),995.4,3679.621693077149,447.4,0.11874331636909385,548.0,0.148939046841571,3767.791010732187,3679.3575064497154
2023,Q3,     Upper secondary (4),2606.1,3686.1084582980393,1393.2,0.37008083534180347,1213.0,0.32913514711490427,3764.582942300302,3685.4161903788718
2023,Q3,Post-secondary (5),3330.8,3689.4035234174885,1625.8,0.43221030905541774,1704.8,0.4621910420015174,3761.5946818879347,3688.5180478993425
2023,Q3,     Post-secondary - non-degree (6),751.0,3683.151718847938,365.4,0.09705785531719598,385.6,0.10469861543783218,3764.764828213355,3682.9522375963143
2023,Q3,          Post-secondary - diploma/certificate (7),244.0,3676.45559948338,130.2,0.03491415055772937,113.8,0.030954277095093446,3729.1470054446463,3676.390168970814
2023,Q3,          Post-secondary - sub-degree (8),507.1,3687.9491988193936,235.2,0.06262095021574873,271.8,0.07370219493524617,3755.931508379584,3687.8141857077676
2023,Q3,     Post-secondary - degree (9),2579.8,3685.659935402371,1260.4,0.3348653382144427,1319.2,0.3579943333228541,3763.901055632276,3684.9745294998593
2023,Q4,Primary and below,510.8,3694.322508349854,297.2,0.07808728743119794,212.6,0.05754985474110355,3805.9972343367726,3694.1882991088723
2023,Q4,Secondary,3587.4,3654.792288082743,1851.0,0.49004143300614067,1736.5,0.47525310099232526,3777.231628446416,3653.842544897024
2023,Q4,     Lower secondary (3),979.0,3651.9888890338816,434.9,0.11501080308570523,544.1,0.1489978726856464,3781.3839077005277,3651.7299891115526
2023,Q4,     Upper secondary (4),2608.4,3654.583823890667,1416.1,0.3752049486089691,1192.3000000000002,0.3263095263645356,3774.203952399973,3653.8927112658866
2023,Q4,Post-secondary (5),3329.0,3654.3324736593822,1625.6,0.43092064304797206,1703.4,0.46624423377392893,3772.3883184195256,3653.450008833652
2023,Q4,     Post-secondary - non-degree (6),746.4,3656.780333059539,354.8,0.09404074669992697,391.4,0.1070398384979883,3772.832654467593,3656.5824976217236
2023,Q4,          Post-secondary - diploma/certificate (7),254.0,3663.148410982996,132.8,0.034940713511616525,121.1,0.03305959676358014,3800.723758999621,3663.0815816062495
2023,Q4,          Post-secondary - sub-degree (8),492.4,3654.6054006745194,222.1,0.059170670037852,270.2,0.07393676459880101,3753.548841984055,3654.474218153463
2023,Q4,     Post-secondary - degree (9),2582.6,3653.170403185813,1270.6,0.3368762778892521,1311.9,0.3591800535383801,3771.7111099693075,3652.485674179614
2024,Q1,Primary and below,505.2,3600.1920786059472,294.0,0.0781540712685338,210.1,0.05836017441082845,3761.800188115978,3600.057781201849
2024,Q1,Secondary,3543.4,3609.3845056626833,1847.6,0.4900880636995664,1695.9,0.4699808893067453,3769.9347053116862,3608.4445954846615
2024,Q1,     Lower secondary (3),953.3,3609.2485907642163,429.0,0.11374249428355122,524.3,0.14527586715572094,3771.6774430015244,3608.995838503609
2024,Q1,     Upper secondary (4),2590.0,3607.467651570333,1418.5,0.37629986509528957,1171.6,0.3248326243590939,3769.6000758352557,3606.7805760323727
2024,Q1,Post-secondary (5),3328.2,3610.078250406634,1626.8,0.4318051397785005,1701.4,0.4714070799587077,3767.4401023445116,3609.194838883269
2024,Q1,     Post-secondary - non-degree (6),769.4,3616.5672298612867,361.0,0.0957907143148446,408.4,0.11293113882379398,3768.6325087154737,3616.363070926124
2024,Q1,          Post-secondary - diploma/certificate (7),263.70000000000005,3624.434114591274,132.7,0.03502928498709514,131.0,0.036144267450849726,3788.2588825003686,3624.3645047762693
2024,Q1,          Post-secondary - sub-degree (8),505.6,3599.120300702262,228.4,0.060856313563022305,277.4,0.07707727452913413,3753.102786343948,3598.985585500259
2024,Q1,     Post-secondary - degree (9),2558.9,3611.870404662172,1265.8,0.3360236787524199,1293.1,0.3580812979863967,3766.9964351906083,3611.191110151539
2024,Q2,Primary and below,505.8,3604.327481751865,303.4,0.07985669895814294,201.1,0.05579610319280093,3799.305555555555,3604.1943521594685
2024,Q2,Secondary,3580.8,3617.8997239849073,1840.4,0.48534444276251426,1740.3,0.4811505269699884,3791.9461682196147,3616.9554067817753
2024,Q2,     Lower secondary (3),944.4,3616.2282601438415,417.2,0.10981675609509171,527.3,0.1458249348227557,3799.055944055944,3615.9796720698814
2024,Q2,     Upper secondary (4),2636.4,3610.9835280875504,1423.1999999999998,0.3750452511026448,1213.0,0.33598420370744936,3794.742089963137,3610.2887773146394
2024,Q2,Post-secondary (5),3320.2,3615.45220233992,1647.5,0.43471214454337087,1672.6,0.462737521753307,3789.8642140089332,3614.5761287360883
2024,Q2,     Post-secondary - non-degree (6),776.5,3621.2337621022252,371.2,0.09801075667710707,405.4,0.111957134133741,3787.3393960512426,3621.028736906752
2024,Q2,          Post-secondary - diploma/certificate (7),255.0,3581.843525767212,129.6,0.03422755557048445,125.4,0.03501056283313519,3786.422893481717,3581.776179882409
2024,Q2,          Post-secondary - sub-degree (8),521.6,3619.8378594474766,241.6,0.06385458118245435,280.0,0.07735447686443614,3783.5969718392835,3619.700001212606
2024,Q2,     Post-secondary - degree (9),2543.5,3613.536528073637,1276.2,0.3366737052933394,1267.3,0.35077419571228724,3790.613819656821,3612.8655285677496
